"id","predictions"
"036ad3e516c5bf3a4b3be35b137bcbb8",0.706000000000002
"085d5d1e61effabc440d74ac51b91d87",0.761700000000004
"085d5d1e61effabc440d74ac51b91d87",0.761757280000004
"088d6dc6ddb3113e9b902711ccdfafef",0.811070399999995
"088d6dc6ddb3113e9b902711ccdfafef",0.811376159999995
"088d6dc6ddb3113e9b902711ccdfafef",0.810463599999995
"088d6dc6ddb3113e9b902711ccdfafef",0.811326999999995
"0bdf2c1f053650715e1f0c725d754b96",0.804304799999998
"0bdf2c1f053650715e1f0c725d754b96",0.804444799999998
"0bdf2c1f053650715e1f0c725d754b96",0.804584799999998
"14e676072a5b15381b6f7f33c3528215",0.581700000000006
"14e676072a5b15381b6f7f33c3528215",0.581497400000006
"14e676072a5b15381b6f7f33c3528215",0.581686600000006
"14e676072a5b15381b6f7f33c3528215",0.581416600000006
"14e676072a5b15381b6f7f33c3528215",0.582543200000006
"14e676072a5b15381b6f7f33c3528215",0.582005760000006
"1649f854581e9c03bc2c4e06023c5b99",0.875583399999997
"1649f854581e9c03bc2c4e06023c5b99",0.875739999999998
"1649f854581e9c03bc2c4e06023c5b99",0.875493399999998
"1649f854581e9c03bc2c4e06023c5b99",0.875663399999997
"1649f854581e9c03bc2c4e06023c5b99",0.875490679999998
"1649f854581e9c03bc2c4e06023c5b99",0.875603399999997
"1649f854581e9c03bc2c4e06023c5b99",0.875699999999997
"1649f854581e9c03bc2c4e06023c5b99",0.875939999999997
"1649f854581e9c03bc2c4e06023c5b99",0.875543399999997
"1649f854581e9c03bc2c4e06023c5b99",0.875643399999998
"1649f854581e9c03bc2c4e06023c5b99",0.875383399999998
"1649f854581e9c03bc2c4e06023c5b99",0.875363399999997
"1649f854581e9c03bc2c4e06023c5b99",0.875463399999997
"1649f854581e9c03bc2c4e06023c5b99",0.875563399999998
"1649f854581e9c03bc2c4e06023c5b99",0.875663399999998
"1649f854581e9c03bc2c4e06023c5b99",0.875233399999997
"1649f854581e9c03bc2c4e06023c5b99",0.875503399999998
"1649f854581e9c03bc2c4e06023c5b99",0.875313399999997
"1649f854581e9c03bc2c4e06023c5b99",0.875819999999997
"1649f854581e9c03bc2c4e06023c5b99",0.875519999999998
"1649f854581e9c03bc2c4e06023c5b99",0.875759999999997
"1649f854581e9c03bc2c4e06023c5b99",0.875443399999998
"164f545c22e17e5e9298b1c84b9e3e1e",0.857843399999998
"164f545c22e17e5e9298b1c84b9e3e1e",0.858023399999998
"164f545c22e17e5e9298b1c84b9e3e1e",0.858123399999998
"164f545c22e17e5e9298b1c84b9e3e1e",0.857953399999998
"164f545c22e17e5e9298b1c84b9e3e1e",0.858239999999998
"164f545c22e17e5e9298b1c84b9e3e1e",0.857963399999998
"164f545c22e17e5e9298b1c84b9e3e1e",0.857693399999998
"164f545c22e17e5e9298b1c84b9e3e1e",0.858043399999998
"164f545c22e17e5e9298b1c84b9e3e1e",0.858063399999998
"164f545c22e17e5e9298b1c84b9e3e1e",0.857950679999998
"164f545c22e17e5e9298b1c84b9e3e1e",0.857923399999998
"164f545c22e17e5e9298b1c84b9e3e1e",0.857999999999998
"164f545c22e17e5e9298b1c84b9e3e1e",0.857819999999998
"164f545c22e17e5e9298b1c84b9e3e1e",0.857903399999998
"164f545c22e17e5e9298b1c84b9e3e1e",0.858039999999998
"164f545c22e17e5e9298b1c84b9e3e1e",0.857823399999998
"164f545c22e17e5e9298b1c84b9e3e1e",0.858003399999998
"164f545c22e17e5e9298b1c84b9e3e1e",0.857773399999998
"164f545c22e17e5e9298b1c84b9e3e1e",0.858119999999998
"164f545c22e17e5e9298b1c84b9e3e1e",0.858003399999998
"164f545c22e17e5e9298b1c84b9e3e1e",0.857943399999998
"164f545c22e17e5e9298b1c84b9e3e1e",0.858059999999998
"184264bf0c886f2ee3198ff54561c51d",0.8489106
"184264bf0c886f2ee3198ff54561c51d",0.8488806
"184264bf0c886f2ee3198ff54561c51d",0.8488606
"184264bf0c886f2ee3198ff54561c51d",0.8488406
"184264bf0c886f2ee3198ff54561c51d",0.8490406
"184264bf0c886f2ee3198ff54561c51d",0.8489206
"184264bf0c886f2ee3198ff54561c51d",0.8489406
"184264bf0c886f2ee3198ff54561c51d",0.8489406
"184264bf0c886f2ee3198ff54561c51d",0.8489306
"184264bf0c886f2ee3198ff54561c51d",0.84891128
"184264bf0c886f2ee3198ff54561c51d",0.8488206
"184264bf0c886f2ee3198ff54561c51d",0.8488306
"184264bf0c886f2ee3198ff54561c51d",0.8488206
"184264bf0c886f2ee3198ff54561c51d",0.8488006
"184264bf0c886f2ee3198ff54561c51d",0.8488006
"184264bf0c886f2ee3198ff54561c51d",0.8487406
"184264bf0c886f2ee3198ff54561c51d",0.8487806
"194309a52da9de185b531cfc697cfca8",0.748399399999998
"194309a52da9de185b531cfc697cfca8",0.748829399999998
"194309a52da9de185b531cfc697cfca8",0.748665999999998
"194309a52da9de185b531cfc697cfca8",0.748549399999998
"194309a52da9de185b531cfc697cfca8",0.748769399999998
"194309a52da9de185b531cfc697cfca8",0.748709399999998
"194309a52da9de185b531cfc697cfca8",0.748845999999998
"194309a52da9de185b531cfc697cfca8",0.748609399999998
"194309a52da9de185b531cfc697cfca8",0.748676679999998
"1f30c0ce8636ff2c424549971dcab5d8",0.694431199999994
"1f30c0ce8636ff2c424549971dcab5d8",0.694399999999994
"1f30c0ce8636ff2c424549971dcab5d8",0.694174599999994
"1f30c0ce8636ff2c424549971dcab5d8",0.694480359999994
"1f30c0ce8636ff2c424549971dcab5d8",0.694443599999994
"1f30c0ce8636ff2c424549971dcab5d8",0.693971999999994
"1f30c0ce8636ff2c424549971dcab5d8",0.694345899999994
"2258803b6e4f1ef992229c3cef66d75d",0.840108000000001
"2258803b6e4f1ef992229c3cef66d75d",0.840148000000001
"2258803b6e4f1ef992229c3cef66d75d",0.840188000000001
"2258803b6e4f1ef992229c3cef66d75d",0.840178000000001
"2258803b6e4f1ef992229c3cef66d75d",0.840158000000001
"2258803b6e4f1ef992229c3cef66d75d",0.840168000000001
"2258803b6e4f1ef992229c3cef66d75d",0.840198000000001
"2258803b6e4f1ef992229c3cef66d75d",0.840208000000001
"2258803b6e4f1ef992229c3cef66d75d",0.840228000000001
"2258803b6e4f1ef992229c3cef66d75d",0.840188000000001
"2258803b6e4f1ef992229c3cef66d75d",0.840118000000001
"231d831a778dc5cb0bd16b330a547cba",0.878840000000002
"231d831a778dc5cb0bd16b330a547cba",0.879000000000002
"238f646b998ed51f3d0c612d5a373414",0.694331199999994
"238f646b998ed51f3d0c612d5a373414",0.694362399999994
"238f646b998ed51f3d0c612d5a373414",0.694723599999994
"238f646b998ed51f3d0c612d5a373414",0.692840673333327
"238f646b998ed51f3d0c612d5a373414",0.693822399999994
"238f646b998ed51f3d0c612d5a373414",0.694330399999994
"238f646b998ed51f3d0c612d5a373414",0.693903199999994
"238f646b998ed51f3d0c612d5a373414",0.694346799999994
"238f646b998ed51f3d0c612d5a373414",0.694399499999994
"238f646b998ed51f3d0c612d5a373414",0.694411559999994
"238f646b998ed51f3d0c612d5a373414",0.693853599999994
"238f646b998ed51f3d0c612d5a373414",0.693415773333327
"24a7ffe3bda20532c5f116825ff5dfcf",0.658837200000003
"24a7ffe3bda20532c5f116825ff5dfcf",0.658803000000003
"288d7e4b1fa80acd699c8287ec363e12",0.706659999999996
"288d7e4b1fa80acd699c8287ec363e12",0.706119999999996
"288d7e4b1fa80acd699c8287ec363e12",0.708819999999996
"288d7e4b1fa80acd699c8287ec363e12",0.707739999999996
"288d7e4b1fa80acd699c8287ec363e12",0.707811449999996
"288d7e4b1fa80acd699c8287ec363e12",0.707820799999996
"288d7e4b1fa80acd699c8287ec363e12",0.708609999999996
"288d7e4b1fa80acd699c8287ec363e12",0.707279049999996
"288d7e4b1fa80acd699c8287ec363e12",0.708279999999996
"288d7e4b1fa80acd699c8287ec363e12",0.706381349999996
"288d7e4b1fa80acd699c8287ec363e12",0.708279999999996
"288d7e4b1fa80acd699c8287ec363e12",0.706119999999996
"288d7e4b1fa80acd699c8287ec363e12",0.707199999999996
"288d7e4b1fa80acd699c8287ec363e12",0.707811449999996
"288d7e4b1fa80acd699c8287ec363e12",0.706659999999996
"29b2cd4a11745fefecc14912d2f95dd8",0.707839999999996
"29b2cd4a11745fefecc14912d2f95dd8",0.707839999999996
"29b2cd4a11745fefecc14912d2f95dd8",0.706219999999996
"29b2cd4a11745fefecc14912d2f95dd8",0.706759999999996
"29b2cd4a11745fefecc14912d2f95dd8",0.705679999999996
"29b2cd4a11745fefecc14912d2f95dd8",0.706744399999996
"29b2cd4a11745fefecc14912d2f95dd8",0.706552099999996
"29b2cd4a11745fefecc14912d2f95dd8",0.707349159999996
"29b2cd4a11745fefecc14912d2f95dd8",0.707583399999996
"29b2cd4a11745fefecc14912d2f95dd8",0.706219999999996
"29b2cd4a11745fefecc14912d2f95dd8",0.707299999999996
"29b2cd4a11745fefecc14912d2f95dd8",0.708379999999996
"29b2cd4a11745fefecc14912d2f95dd8",0.70591281333333
"2b8248d6e484fd4c09f3e0102f1dfd14",0.798113000000001
"2b8248d6e484fd4c09f3e0102f1dfd14",0.798090800000001
"2b8248d6e484fd4c09f3e0102f1dfd14",0.797953000000001
"2b8248d6e484fd4c09f3e0102f1dfd14",0.797930800000001
"2df41f38afef75d8c599483001daf2e1",0.517226600000002
"2df41f38afef75d8c599483001daf2e1",0.517867800000001
"2df41f38afef75d8c599483001daf2e1",0.516610120000002
"2df41f38afef75d8c599483001daf2e1",0.517198400000002
"2df41f38afef75d8c599483001daf2e1",0.515670200000002
"2df41f38afef75d8c599483001daf2e1",0.516161920000001
"2df41f38afef75d8c599483001daf2e1",0.516366000000002
"2df41f38afef75d8c599483001daf2e1",0.517789520000002
"2df41f38afef75d8c599483001daf2e1",0.514867800000002
"2df41f38afef75d8c599483001daf2e1",0.517866000000002
"2df41f38afef75d8c599483001daf2e1",0.514153720000002
"2df41f38afef75d8c599483001daf2e1",0.516769900000001
"2df41f38afef75d8c599483001daf2e1",0.517443400000002
"2df41f38afef75d8c599483001daf2e1",0.516367800000002
"2df41f38afef75d8c599483001daf2e1",0.515377800000002
"2df41f38afef75d8c599483001daf2e1",0.515333120000002
"2df41f38afef75d8c599483001daf2e1",0.516729320000002
"2df41f38afef75d8c599483001daf2e1",0.515239900000002
"2df41f38afef75d8c599483001daf2e1",0.519077200000002
"2df41f38afef75d8c599483001daf2e1",0.517957000000002
"2df41f38afef75d8c599483001daf2e1",0.516234000000002
"2df41f38afef75d8c599483001daf2e1",0.515856000000002
"2df41f38afef75d8c599483001daf2e1",0.518146400000002
"2df41f38afef75d8c599483001daf2e1",0.516584600000002
"2df41f38afef75d8c599483001daf2e1",0.516126900000002
"2df41f38afef75d8c599483001daf2e1",0.517158200000002
"2df41f38afef75d8c599483001daf2e1",0.517738400000002
"2df41f38afef75d8c599483001daf2e1",0.516559000000002
"2f5c6c71d7605196314fc5e5873e4dc5",0.494363800000001
"2f5c6c71d7605196314fc5e5873e4dc5",0.494871450000001
"2f5c6c71d7605196314fc5e5873e4dc5",0.494361450000001
"2f5c6c71d7605196314fc5e5873e4dc5",0.494873800000001
"2f5c6c71d7605196314fc5e5873e4dc5",0.495383800000001
"2f5c6c71d7605196314fc5e5873e4dc5",0.495351450000001
"2f5c6c71d7605196314fc5e5873e4dc5",0.494873800000001
"2f5c6c71d7605196314fc5e5873e4dc5",0.496433800000001
"2f5c6c71d7605196314fc5e5873e4dc5",0.495383800000001
"2f5c6c71d7605196314fc5e5873e4dc5",0.495413800000001
"2f5c6c71d7605196314fc5e5873e4dc5",0.494903800000001
"2f5c6c71d7605196314fc5e5873e4dc5",0.494841450000001
"306b0c0a95972617146049ce1a9a1613",0.708746749999996
"306b0c0a95972617146049ce1a9a1613",0.709665799999996
"306b0c0a95972617146049ce1a9a1613",0.709415149999996
"306b0c0a95972617146049ce1a9a1613",0.709999999999996
"306b0c0a95972617146049ce1a9a1613",0.709197249999996
"306b0c0a95972617146049ce1a9a1613",0.709531449999996
"306b0c0a95972617146049ce1a9a1613",0.709331599999996
"306b0c0a95972617146049ce1a9a1613",0.709433599999996
"306b0c0a95972617146049ce1a9a1613",0.709749349999996
"306b0c0a95972617146049ce1a9a1613",0.709284799999996
"306b0c0a95972617146049ce1a9a1613",0.709395799999996
"306b0c0a95972617146049ce1a9a1613",0.709331599999996
"306b0c0a95972617146049ce1a9a1613",0.709206599999996
"306b0c0a95972617146049ce1a9a1613",0.709561449999996
"306b0c0a95972617146049ce1a9a1613",0.708976599999996
"33192f6b62911c61d4073ef0f9923420",0.683255199999997
"33192f6b62911c61d4073ef0f9923420",0.683489399999997
"33192f6b62911c61d4073ef0f9923420",0.683247199999997
"33192f6b62911c61d4073ef0f9923420",0.683481399999997
"356fbc3c3158bc7a5932461b635064a2",0.815573199999998
"356fbc3c3158bc7a5932461b635064a2",0.815518599999998
"356fbc3c3158bc7a5932461b635064a2",0.815733199999998
"36fb4d8a9e7e1c0953cd80bbac2e50f0",0.360549400000001
"36fb4d8a9e7e1c0953cd80bbac2e50f0",0.361059400000001
"37bd8b4bb1cea47935613348ad16c660",0.797657400000001
"37bd8b4bb1cea47935613348ad16c660",0.797497400000001
"37bd8b4bb1cea47935613348ad16c660",0.797635200000001
"37bd8b4bb1cea47935613348ad16c660",0.7974752
"3abb5691502cbd522511147519f8a487",0.488839999999999
"3abb5691502cbd522511147519f8a487",0.487903999999999
"3abb5691502cbd522511147519f8a487",0.487877999999999
"3abb5691502cbd522511147519f8a487",0.488411999999999
"3abb5691502cbd522511147519f8a487",0.487977999999999
"3abb5691502cbd522511147519f8a487",0.488419999999999
"3abb5691502cbd522511147519f8a487",0.487463999999999
"3abb5691502cbd522511147519f8a487",0.488397999999999
"3abb5691502cbd522511147519f8a487",0.487911999999999
"3abb5691502cbd522511147519f8a487",0.487461999999999
"3abb5691502cbd522511147519f8a487",0.487505999999999
"3abb5691502cbd522511147519f8a487",0.488379999999999
"3abb5691502cbd522511147519f8a487",0.488361999999999
"3abb5691502cbd522511147519f8a487",0.488363999999999
"3abb5691502cbd522511147519f8a487",0.488389999999999
"3abb5691502cbd522511147519f8a487",0.487913999999999
"3abb5691502cbd522511147519f8a487",0.488847999999999
"3abb5691502cbd522511147519f8a487",0.488821999999999
"3abb5691502cbd522511147519f8a487",0.488353999999999
"3abb5691502cbd522511147519f8a487",0.487479999999999
"3abb5691502cbd522511147519f8a487",0.487939999999999
"3abb5691502cbd522511147519f8a487",0.487453999999999
"3abb5691502cbd522511147519f8a487",0.487959999999999
"3abb5691502cbd522511147519f8a487",0.487519999999999
"3b661d671740495716434a3ba797c6f2",0.403992400000001
"468cbac056133a996283cca7e2976336",0.4156658
"47c25f64f2b40398afb5cd9e67e53f28",0.4352062
"48090e338b20a9d004c2ef18a335f3cf",0.460000000000002
"48090e338b20a9d004c2ef18a335f3cf",0.460064000000002
"48090e338b20a9d004c2ef18a335f3cf",0.460031450000002
"48090e338b20a9d004c2ef18a335f3cf",0.460090666666669
"48090e338b20a9d004c2ef18a335f3cf",0.460300550000002
"48090e338b20a9d004c2ef18a335f3cf",0.459940000000002
"48090e338b20a9d004c2ef18a335f3cf",0.460016000000002
"48090e338b20a9d004c2ef18a335f3cf",0.460269400000002
"48090e338b20a9d004c2ef18a335f3cf",0.460205450000002
"48090e338b20a9d004c2ef18a335f3cf",0.460133333333335
"48090e338b20a9d004c2ef18a335f3cf",0.460216480000002
"48090e338b20a9d004c2ef18a335f3cf",0.460061450000002
"48090e338b20a9d004c2ef18a335f3cf",0.460058116666669
"48090e338b20a9d004c2ef18a335f3cf",0.460516800000002
"48090e338b20a9d004c2ef18a335f3cf",0.460184480000002
"48090e338b20a9d004c2ef18a335f3cf",0.460160000000002
"48090e338b20a9d004c2ef18a335f3cf",0.460755800000002
"48090e338b20a9d004c2ef18a335f3cf",0.460000000000002
"48090e338b20a9d004c2ef18a335f3cf",0.460092600000002
"4c4f120e57ea9448ccb7a07c48df40ff",0.3799308
"4d410063822cd9be28f86701c0bc3a31",0.424267200000003
"4f9ef38edcfc460a00cbb8ed5dee299c",0.659160000000003
"4f9ef38edcfc460a00cbb8ed5dee299c",0.659182200000003
"51b2e138a07e3570fb7147311365a5eb",0.571410599999998
"51b2e138a07e3570fb7147311365a5eb",0.572061999999998
"51b2e138a07e3570fb7147311365a5eb",0.572037599999998
"51b2e138a07e3570fb7147311365a5eb",0.571386199999998
"51b2e138a07e3570fb7147311365a5eb",0.572077599999998
"51b2e138a07e3570fb7147311365a5eb",0.571724199999998
"51b2e138a07e3570fb7147311365a5eb",0.571699799999998
"51b2e138a07e3570fb7147311365a5eb",0.571281999999998
"51b2e138a07e3570fb7147311365a5eb",0.572082239999998
"51b2e138a07e3570fb7147311365a5eb",0.572094199999998
"51cdbd2611e844ece5d80878eb770436",0.459820000000002
"51cdbd2611e844ece5d80878eb770436",0.459880000000002
"51cdbd2611e844ece5d80878eb770436",0.459912000000002
"51cdbd2611e844ece5d80878eb770436",0.459984480000002
"51cdbd2611e844ece5d80878eb770436",0.460437160000002
"51cdbd2611e844ece5d80878eb770436",0.459864000000002
"51cdbd2611e844ece5d80878eb770436",0.459848000000002
"51cdbd2611e844ece5d80878eb770436",0.459831450000002
"51cdbd2611e844ece5d80878eb770436",0.459888000000002
"51cdbd2611e844ece5d80878eb770436",0.459960000000002
"51cdbd2611e844ece5d80878eb770436",0.459800000000002
"51cdbd2611e844ece5d80878eb770436",0.459816000000002
"51cdbd2611e844ece5d80878eb770436",0.459740000000002
"51cdbd2611e844ece5d80878eb770436",0.459976000000002
"51cdbd2611e844ece5d80878eb770436",0.459921450000002
"51cdbd2611e844ece5d80878eb770436",0.459840000000002
"51cdbd2611e844ece5d80878eb770436",0.460016480000002
"51cdbd2611e844ece5d80878eb770436",0.459826666666669
"51cdbd2611e844ece5d80878eb770436",0.459861450000002
"51cdbd2611e844ece5d80878eb770436",0.460088116666669
"56de534cf589f6d0ca09630db803ba00",0.588575399999996
"56de534cf589f6d0ca09630db803ba00",0.587656999999996
"56de534cf589f6d0ca09630db803ba00",0.587308199999996
"56de534cf589f6d0ca09630db803ba00",0.587681799999996
"56de534cf589f6d0ca09630db803ba00",0.587048199999996
"56de534cf589f6d0ca09630db803ba00",0.587941799999996
"56de534cf589f6d0ca09630db803ba00",0.586414599999996
"56de534cf589f6d0ca09630db803ba00",0.587779639999996
"56de534cf589f6d0ca09630db803ba00",0.587048199999996
"56de534cf589f6d0ca09630db803ba00",0.587283399999996
"56de534cf589f6d0ca09630db803ba00",0.587916999999996
"56de534cf589f6d0ca09630db803ba00",0.586389799999996
"56de534cf589f6d0ca09630db803ba00",0.587172879999996
"56de534cf589f6d0ca09630db803ba00",0.587308199999996
"56de534cf589f6d0ca09630db803ba00",0.587023399999996
"5a87c42972dfb55ff9cdb144a3ba5cc3",0.819732799999992
"5a87c42972dfb55ff9cdb144a3ba5cc3",0.819747799999992
"5f745f6c801324b8334d1ec452b5740f",0.675350399999997
"5f745f6c801324b8334d1ec452b5740f",0.675045999999997
"5f745f6c801324b8334d1ec452b5740f",0.675125999999997
"5f745f6c801324b8334d1ec452b5740f",0.675092999999997
"5f745f6c801324b8334d1ec452b5740f",0.674577699999997
"604541b9b9f266538ed001ea49fcc956",0.846869483333327
"604541b9b9f266538ed001ea49fcc956",0.84578750666666
"604541b9b9f266538ed001ea49fcc956",0.847311799999994
"604541b9b9f266538ed001ea49fcc956",0.846284849999994
"604541b9b9f266538ed001ea49fcc956",0.845289389999994
"604541b9b9f266538ed001ea49fcc956",0.846369393333327
"604541b9b9f266538ed001ea49fcc956",0.847536399999994
"604541b9b9f266538ed001ea49fcc956",0.846968133333327
"604541b9b9f266538ed001ea49fcc956",0.847409399999994
"604541b9b9f266538ed001ea49fcc956",0.846753199999994
"604541b9b9f266538ed001ea49fcc956",0.846035389999994
"604541b9b9f266538ed001ea49fcc956",0.845704799999994
"604541b9b9f266538ed001ea49fcc956",0.84532742666666
"604541b9b9f266538ed001ea49fcc956",0.846201483333327
"604541b9b9f266538ed001ea49fcc956",0.844923623333327
"604541b9b9f266538ed001ea49fcc956",0.846759199999994
"604541b9b9f266538ed001ea49fcc956",0.84393465666666
"604541b9b9f266538ed001ea49fcc956",0.847182133333327
"604541b9b9f266538ed001ea49fcc956",0.846249319999994
"604541b9b9f266538ed001ea49fcc956",0.846537089999994
"604541b9b9f266538ed001ea49fcc956",0.846091639999994
"604541b9b9f266538ed001ea49fcc956",0.845833199999994
"604541b9b9f266538ed001ea49fcc956",0.846405683333327
"604541b9b9f266538ed001ea49fcc956",0.845028083333327
"604541b9b9f266538ed001ea49fcc956",0.845829973333327
"604541b9b9f266538ed001ea49fcc956",0.84553110666666
"604541b9b9f266538ed001ea49fcc956",0.846934699999994
"604541b9b9f266538ed001ea49fcc956",0.847078799999994
"604541b9b9f266538ed001ea49fcc956",0.844384993333327
"604541b9b9f266538ed001ea49fcc956",0.847690999999994
"61d584107d2d965b4bc26d8c9958b518",0.624203999999999
"61d584107d2d965b4bc26d8c9958b518",0.623614299999999
"62ef6dc6cdbfc1c60305b7d3d9a420a6",0.549576000000002
"62ef6dc6cdbfc1c60305b7d3d9a420a6",0.548562000000002
"62ef6dc6cdbfc1c60305b7d3d9a420a6",0.547528000000002
"62ef6dc6cdbfc1c60305b7d3d9a420a6",0.547100000000002
"62ef6dc6cdbfc1c60305b7d3d9a420a6",0.548794000000002
"62ef6dc6cdbfc1c60305b7d3d9a420a6",0.547286000000002
"62ef6dc6cdbfc1c60305b7d3d9a420a6",0.547218000000002
"62ef6dc6cdbfc1c60305b7d3d9a420a6",0.548916000000002
"62ef6dc6cdbfc1c60305b7d3d9a420a6",0.547862000000002
"62ef6dc6cdbfc1c60305b7d3d9a420a6",0.547842000000002
"62ef6dc6cdbfc1c60305b7d3d9a420a6",0.548778800000002
"62ef6dc6cdbfc1c60305b7d3d9a420a6",0.548920800000002
"62ef6dc6cdbfc1c60305b7d3d9a420a6",0.548920800000002
"62ef6dc6cdbfc1c60305b7d3d9a420a6",0.549808000000002
"62ef6dc6cdbfc1c60305b7d3d9a420a6",0.548818000000002
"62ef6dc6cdbfc1c60305b7d3d9a420a6",0.547428000000002
"62ef6dc6cdbfc1c60305b7d3d9a420a6",0.548102000000002
"62ef6dc6cdbfc1c60305b7d3d9a420a6",0.547764800000002
"62ef6dc6cdbfc1c60305b7d3d9a420a6",0.548242000000002
"62ef6dc6cdbfc1c60305b7d3d9a420a6",0.548292000000002
"62ef6dc6cdbfc1c60305b7d3d9a420a6",0.549658000000002
"62ef6dc6cdbfc1c60305b7d3d9a420a6",0.547760000000002
"62ef6dc6cdbfc1c60305b7d3d9a420a6",0.548626000000002
"62ef6dc6cdbfc1c60305b7d3d9a420a6",0.548032000000002
"62ef6dc6cdbfc1c60305b7d3d9a420a6",0.548494000000002
"62ef6dc6cdbfc1c60305b7d3d9a420a6",0.548584000000002
"62ef6dc6cdbfc1c60305b7d3d9a420a6",0.549070800000002
"62ef6dc6cdbfc1c60305b7d3d9a420a6",0.547558000000002
"6356d91dc6015575d84dc35e14ef20e3",0.744866259999996
"6356d91dc6015575d84dc35e14ef20e3",0.740191343333329
"6356d91dc6015575d84dc35e14ef20e3",0.741041729999996
"6356d91dc6015575d84dc35e14ef20e3",0.741328919999996
"6356d91dc6015575d84dc35e14ef20e3",0.739948259999996
"6356d91dc6015575d84dc35e14ef20e3",0.743196029999996
"6356d91dc6015575d84dc35e14ef20e3",0.741109416666663
"6356d91dc6015575d84dc35e14ef20e3",0.745829553333329
"6356d91dc6015575d84dc35e14ef20e3",0.740553549999996
"6356d91dc6015575d84dc35e14ef20e3",0.745667133333329
"6356d91dc6015575d84dc35e14ef20e3",0.743104033333329
"6356d91dc6015575d84dc35e14ef20e3",0.742535999999996
"6356d91dc6015575d84dc35e14ef20e3",0.740555316666663
"6356d91dc6015575d84dc35e14ef20e3",0.742166869999996
"6356d91dc6015575d84dc35e14ef20e3",0.743586909999996
"6356d91dc6015575d84dc35e14ef20e3",0.745171426666662
"6356d91dc6015575d84dc35e14ef20e3",0.741351413333329
"6356d91dc6015575d84dc35e14ef20e3",0.745050639999996
"6356d91dc6015575d84dc35e14ef20e3",0.738518143333329
"6356d91dc6015575d84dc35e14ef20e3",0.736182293333329
"6356d91dc6015575d84dc35e14ef20e3",0.740168399999996
"6356d91dc6015575d84dc35e14ef20e3",0.743052846666662
"6356d91dc6015575d84dc35e14ef20e3",0.739357583333329
"6356d91dc6015575d84dc35e14ef20e3",0.745678773333329
"6356d91dc6015575d84dc35e14ef20e3",0.741437353333329
"6356d91dc6015575d84dc35e14ef20e3",0.739697999999996
"6356d91dc6015575d84dc35e14ef20e3",0.739842533333329
"6356d91dc6015575d84dc35e14ef20e3",0.747341933333329
"6356d91dc6015575d84dc35e14ef20e3",0.739414249999996
"6356d91dc6015575d84dc35e14ef20e3",0.742897866666663
"64dc9a6c0360fbe40c49a20e4c0aaa6f",0.732509000000002
"64dc9a6c0360fbe40c49a20e4c0aaa6f",0.732913400000002
"64dc9a6c0360fbe40c49a20e4c0aaa6f",0.732029200000002
"64dc9a6c0360fbe40c49a20e4c0aaa6f",0.731603800000002
"64dc9a6c0360fbe40c49a20e4c0aaa6f",0.730939850000002
"64dc9a6c0360fbe40c49a20e4c0aaa6f",0.730940200000001
"64dc9a6c0360fbe40c49a20e4c0aaa6f",0.732805200000002
"64dc9a6c0360fbe40c49a20e4c0aaa6f",0.731758150000001
"64dc9a6c0360fbe40c49a20e4c0aaa6f",0.731532000000002
"64dc9a6c0360fbe40c49a20e4c0aaa6f",0.731130600000002
"64dc9a6c0360fbe40c49a20e4c0aaa6f",0.732030600000002
"64dc9a6c0360fbe40c49a20e4c0aaa6f",0.731255000000001
"64dc9a6c0360fbe40c49a20e4c0aaa6f",0.732535350000002
"64dc9a6c0360fbe40c49a20e4c0aaa6f",0.732202280000002
"64dc9a6c0360fbe40c49a20e4c0aaa6f",0.731827800000002
"64dc9a6c0360fbe40c49a20e4c0aaa6f",0.731999600000002
"64dc9a6c0360fbe40c49a20e4c0aaa6f",0.732115400000002
"64dc9a6c0360fbe40c49a20e4c0aaa6f",0.731664400000002
"64dc9a6c0360fbe40c49a20e4c0aaa6f",0.730633000000002
"64dc9a6c0360fbe40c49a20e4c0aaa6f",0.732434140000002
"64dc9a6c0360fbe40c49a20e4c0aaa6f",0.731146400000002
"64dc9a6c0360fbe40c49a20e4c0aaa6f",0.732758400000002
"64dc9a6c0360fbe40c49a20e4c0aaa6f",0.732366800000002
"64dc9a6c0360fbe40c49a20e4c0aaa6f",0.731509000000002
"64dc9a6c0360fbe40c49a20e4c0aaa6f",0.732219200000002
"64dc9a6c0360fbe40c49a20e4c0aaa6f",0.731333800000002
"64dc9a6c0360fbe40c49a20e4c0aaa6f",0.731427800000002
"64dc9a6c0360fbe40c49a20e4c0aaa6f",0.732159000000002
"64dc9a6c0360fbe40c49a20e4c0aaa6f",0.730968600000002
"64dc9a6c0360fbe40c49a20e4c0aaa6f",0.732469200000002
"64f9f403cbe1b6f341975cfa85484349",0.844793159999996
"64f9f403cbe1b6f341975cfa85484349",0.842852316666663
"64f9f403cbe1b6f341975cfa85484349",0.84347323333333
"64f9f403cbe1b6f341975cfa85484349",0.844994966666663
"64f9f403cbe1b6f341975cfa85484349",0.842135249999997
"64f9f403cbe1b6f341975cfa85484349",0.843148159999996
"64f9f403cbe1b6f341975cfa85484349",0.84292013333333
"64f9f403cbe1b6f341975cfa85484349",0.84139026333333
"64f9f403cbe1b6f341975cfa85484349",0.842021086666663
"64f9f403cbe1b6f341975cfa85484349",0.83959239333333
"64f9f403cbe1b6f341975cfa85484349",0.845884359999996
"64f9f403cbe1b6f341975cfa85484349",0.844068769999996
"64f9f403cbe1b6f341975cfa85484349",0.84180674333333
"64f9f403cbe1b6f341975cfa85484349",0.844945069999997
"64f9f403cbe1b6f341975cfa85484349",0.844107649999997
"64f9f403cbe1b6f341975cfa85484349",0.842496449999997
"64f9f403cbe1b6f341975cfa85484349",0.84362138333333
"64f9f403cbe1b6f341975cfa85484349",0.844549866666663
"64f9f403cbe1b6f341975cfa85484349",0.84307809333333
"64f9f403cbe1b6f341975cfa85484349",0.843961899999996
"64f9f403cbe1b6f341975cfa85484349",0.844714269999997
"64f9f403cbe1b6f341975cfa85484349",0.844537399999997
"64f9f403cbe1b6f341975cfa85484349",0.844887669999996
"64f9f403cbe1b6f341975cfa85484349",0.843238269999996
"64f9f403cbe1b6f341975cfa85484349",0.838008809999996
"64f9f403cbe1b6f341975cfa85484349",0.84307447333333
"64f9f403cbe1b6f341975cfa85484349",0.843626799999996
"64f9f403cbe1b6f341975cfa85484349",0.84480213333333
"64f9f403cbe1b6f341975cfa85484349",0.843968759999996
"64f9f403cbe1b6f341975cfa85484349",0.84412173333333
"65f4086dbc18fa214f5a7a49bf55b981",0.826261399999997
"65f4086dbc18fa214f5a7a49bf55b981",0.824941199999997
"65f4086dbc18fa214f5a7a49bf55b981",0.823743439999997
"65f4086dbc18fa214f5a7a49bf55b981",0.825402399999997
"65f4086dbc18fa214f5a7a49bf55b981",0.82376405333333
"65f4086dbc18fa214f5a7a49bf55b981",0.823278099999997
"65f4086dbc18fa214f5a7a49bf55b981",0.825510599999997
"65f4086dbc18fa214f5a7a49bf55b981",0.824881599999997
"65f4086dbc18fa214f5a7a49bf55b981",0.823765999999997
"65f4086dbc18fa214f5a7a49bf55b981",0.826236199999997
"65f4086dbc18fa214f5a7a49bf55b981",0.825253199999997
"65f4086dbc18fa214f5a7a49bf55b981",0.824270199999997
"65f4086dbc18fa214f5a7a49bf55b981",0.823078499999997
"65f4086dbc18fa214f5a7a49bf55b981",0.82481483333333
"65f4086dbc18fa214f5a7a49bf55b981",0.825197599999997
"65f4086dbc18fa214f5a7a49bf55b981",0.823624599999997
"65f4086dbc18fa214f5a7a49bf55b981",0.824409919999997
"65f4086dbc18fa214f5a7a49bf55b981",0.825423199999997
"65f4086dbc18fa214f5a7a49bf55b981",0.824881599999997
"65f4086dbc18fa214f5a7a49bf55b981",0.826070949999997
"65f4086dbc18fa214f5a7a49bf55b981",0.824366799999997
"65f4086dbc18fa214f5a7a49bf55b981",0.825659799999997
"65f4086dbc18fa214f5a7a49bf55b981",0.824634449999997
"65f4086dbc18fa214f5a7a49bf55b981",0.824912799999997
"65f4086dbc18fa214f5a7a49bf55b981",0.824339399999997
"65f4086dbc18fa214f5a7a49bf55b981",0.824998799999997
"65f4086dbc18fa214f5a7a49bf55b981",0.824072039999997
"65f4086dbc18fa214f5a7a49bf55b981",0.82495133333333
"65f4086dbc18fa214f5a7a49bf55b981",0.824885599999997
"6f7bc4baeb295716fa1dbbf64887fcff",0.764460639999997
"6f7bc4baeb295716fa1dbbf64887fcff",0.763288783333331
"6f7bc4baeb295716fa1dbbf64887fcff",0.767329166666664
"6f7bc4baeb295716fa1dbbf64887fcff",0.767167946666664
"6f7bc4baeb295716fa1dbbf64887fcff",0.766401699999997
"6f7bc4baeb295716fa1dbbf64887fcff",0.767428149999997
"6f7bc4baeb295716fa1dbbf64887fcff",0.76735073333333
"6f7bc4baeb295716fa1dbbf64887fcff",0.770269519999997
"6f7bc4baeb295716fa1dbbf64887fcff",0.768556879999997
"6f7bc4baeb295716fa1dbbf64887fcff",0.769203799999997
"6f7bc4baeb295716fa1dbbf64887fcff",0.766310839999997
"6f7bc4baeb295716fa1dbbf64887fcff",0.768821199999997
"6f7bc4baeb295716fa1dbbf64887fcff",0.768900119999997
"6f7bc4baeb295716fa1dbbf64887fcff",0.765360666666664
"6f7bc4baeb295716fa1dbbf64887fcff",0.766282106666664
"6f7bc4baeb295716fa1dbbf64887fcff",0.766674346666664
"6f7bc4baeb295716fa1dbbf64887fcff",0.768545559999997
"6f7bc4baeb295716fa1dbbf64887fcff",0.768387199999997
"6f7bc4baeb295716fa1dbbf64887fcff",0.765343639999997
"6f7bc4baeb295716fa1dbbf64887fcff",0.767015859999997
"6f7bc4baeb295716fa1dbbf64887fcff",0.764646019999997
"6f7bc4baeb295716fa1dbbf64887fcff",0.76730163333333
"6f7bc4baeb295716fa1dbbf64887fcff",0.767183799999997
"6f7bc4baeb295716fa1dbbf64887fcff",0.770185466666664
"6f7bc4baeb295716fa1dbbf64887fcff",0.765883679999997
"6f7bc4baeb295716fa1dbbf64887fcff",0.767555319999997
"6f7bc4baeb295716fa1dbbf64887fcff",0.765872219999997
"6f7bc4baeb295716fa1dbbf64887fcff",0.765850799999997
"6f7bc4baeb295716fa1dbbf64887fcff",0.767273589999997
"6f7bc4baeb295716fa1dbbf64887fcff",0.766506399999997
"700fe688ff2970d633ff04c9b7f7cdd4",0.539999999999999
"700fe688ff2970d633ff04c9b7f7cdd4",0.539855999999999
"700fe688ff2970d633ff04c9b7f7cdd4",0.540399159999999
"700fe688ff2970d633ff04c9b7f7cdd4",0.540171919999999
"700fe688ff2970d633ff04c9b7f7cdd4",0.540106666666665
"700fe688ff2970d633ff04c9b7f7cdd4",0.539751999999999
"700fe688ff2970d633ff04c9b7f7cdd4",0.539990199999999
"700fe688ff2970d633ff04c9b7f7cdd4",0.539973333333332
"700fe688ff2970d633ff04c9b7f7cdd4",0.539889999999999
"700fe688ff2970d633ff04c9b7f7cdd4",0.540024479999999
"700fe688ff2970d633ff04c9b7f7cdd4",0.540169919999999
"700fe688ff2970d633ff04c9b7f7cdd4",0.540159999999999
"7048a4636546df0025a5a78b0fc517c0",0.539880799999999
"7048a4636546df0025a5a78b0fc517c0",0.540148586666665
"7048a4636546df0025a5a78b0fc517c0",0.540152959999999
"7048a4636546df0025a5a78b0fc517c0",0.539999999999999
"7048a4636546df0025a5a78b0fc517c0",0.540179919999999
"7048a4636546df0025a5a78b0fc517c0",0.541816493333332
"7048a4636546df0025a5a78b0fc517c0",0.539581989999999
"7048a4636546df0025a5a78b0fc517c0",0.540154293333332
"7048a4636546df0025a5a78b0fc517c0",0.540284319999999
"7048a4636546df0025a5a78b0fc517c0",0.540399159999999
"7048a4636546df0025a5a78b0fc517c0",0.540242399999999
"7048a4636546df0025a5a78b0fc517c0",0.539915146666665
"7048a4636546df0025a5a78b0fc517c0",0.540024479999999
"7048a4636546df0025a5a78b0fc517c0",0.540677866666665
"7048a4636546df0025a5a78b0fc517c0",0.539839999999999
"7048a4636546df0025a5a78b0fc517c0",0.541694959999999
"7048a4636546df0025a5a78b0fc517c0",0.539973333333332
"7048a4636546df0025a5a78b0fc517c0",0.539990199999999
"7048a4636546df0025a5a78b0fc517c0",0.540353549999999
"7048a4636546df0025a5a78b0fc517c0",0.539961449999999
"746206d63610c80c08bdf440226b462a",0.679481399999994
"746206d63610c80c08bdf440226b462a",0.680113999999994
"746206d63610c80c08bdf440226b462a",0.680517093333328
"746206d63610c80c08bdf440226b462a",0.683164399999994
"746206d63610c80c08bdf440226b462a",0.680494199999994
"746206d63610c80c08bdf440226b462a",0.682844399999994
"746206d63610c80c08bdf440226b462a",0.681360133333328
"746206d63610c80c08bdf440226b462a",0.678949199999994
"746206d63610c80c08bdf440226b462a",0.679788999999994
"746206d63610c80c08bdf440226b462a",0.679519799999994
"746206d63610c80c08bdf440226b462a",0.681630799999994
"746206d63610c80c08bdf440226b462a",0.681491999999994
"746206d63610c80c08bdf440226b462a",0.678061199999994
"746206d63610c80c08bdf440226b462a",0.679303399999994
"746206d63610c80c08bdf440226b462a",0.679519199999994
"746206d63610c80c08bdf440226b462a",0.678886319999994
"746206d63610c80c08bdf440226b462a",0.678813799999994
"746206d63610c80c08bdf440226b462a",0.678746599999994
"746206d63610c80c08bdf440226b462a",0.679744999999994
"746206d63610c80c08bdf440226b462a",0.680424199999994
"746206d63610c80c08bdf440226b462a",0.680911033333328
"746206d63610c80c08bdf440226b462a",0.681376679999994
"746206d63610c80c08bdf440226b462a",0.681696759999994
"746206d63610c80c08bdf440226b462a",0.680131399999994
"746206d63610c80c08bdf440226b462a",0.680402119999994
"746206d63610c80c08bdf440226b462a",0.680796749999994
"746206d63610c80c08bdf440226b462a",0.680110799999994
"746206d63610c80c08bdf440226b462a",0.678746933333328
"746206d63610c80c08bdf440226b462a",0.681753599999994
"746206d63610c80c08bdf440226b462a",0.681099733333328
"7903be1cbb0d9fa21a7b898150f02368",0.684419399999999
"7903be1cbb0d9fa21a7b898150f02368",0.685534999999999
"7903be1cbb0d9fa21a7b898150f02368",0.684519799999999
"7903be1cbb0d9fa21a7b898150f02368",0.683885799999999
"7903be1cbb0d9fa21a7b898150f02368",0.684502079999999
"7903be1cbb0d9fa21a7b898150f02368",0.684342799999999
"7903be1cbb0d9fa21a7b898150f02368",0.684204999999999
"7903be1cbb0d9fa21a7b898150f02368",0.684654599999999
"7903be1cbb0d9fa21a7b898150f02368",0.684165599999999
"7903be1cbb0d9fa21a7b898150f02368",0.685349199999999
"7903be1cbb0d9fa21a7b898150f02368",0.685568399999999
"7903be1cbb0d9fa21a7b898150f02368",0.683424999999999
"7903be1cbb0d9fa21a7b898150f02368",0.685339199999999
"7903be1cbb0d9fa21a7b898150f02368",0.685993079999999
"7903be1cbb0d9fa21a7b898150f02368",0.684674399999999
"7903be1cbb0d9fa21a7b898150f02368",0.685130999999999
"7903be1cbb0d9fa21a7b898150f02368",0.685460199999999
"7903be1cbb0d9fa21a7b898150f02368",0.685442799999999
"7903be1cbb0d9fa21a7b898150f02368",0.684802879999999
"7903be1cbb0d9fa21a7b898150f02368",0.684940199999999
"7903be1cbb0d9fa21a7b898150f02368",0.684506799999999
"7903be1cbb0d9fa21a7b898150f02368",0.684133679999999
"7903be1cbb0d9fa21a7b898150f02368",0.684483399999999
"7903be1cbb0d9fa21a7b898150f02368",0.684430799999999
"7903be1cbb0d9fa21a7b898150f02368",0.685508199999999
"7903be1cbb0d9fa21a7b898150f02368",0.682761599999999
"7903be1cbb0d9fa21a7b898150f02368",0.683457599999999
"7903be1cbb0d9fa21a7b898150f02368",0.684946199999999
"7903be1cbb0d9fa21a7b898150f02368",0.683939999999999
"7903be1cbb0d9fa21a7b898150f02368",0.683965199999999
"804a73df74595024fef5c7082428a668",0.640730400000004
"804a73df74595024fef5c7082428a668",0.640935533333337
"804a73df74595024fef5c7082428a668",0.639629000000003
"804a73df74595024fef5c7082428a668",0.641144520000004
"804a73df74595024fef5c7082428a668",0.640793133333337
"804a73df74595024fef5c7082428a668",0.64032574666667
"804a73df74595024fef5c7082428a668",0.641205240000004
"804a73df74595024fef5c7082428a668",0.64044754666667
"804a73df74595024fef5c7082428a668",0.640021520000004
"804a73df74595024fef5c7082428a668",0.640534160000004
"804a73df74595024fef5c7082428a668",0.640007640000004
"804a73df74595024fef5c7082428a668",0.63888582666667
"804a73df74595024fef5c7082428a668",0.64021562666667
"804a73df74595024fef5c7082428a668",0.640154960000004
"804a73df74595024fef5c7082428a668",0.640636533333337
"804a73df74595024fef5c7082428a668",0.641253293333336
"804a73df74595024fef5c7082428a668",0.639035653333337
"804a73df74595024fef5c7082428a668",0.640181800000004
"804a73df74595024fef5c7082428a668",0.641219400000004
"804a73df74595024fef5c7082428a668",0.640685733333337
"804a73df74595024fef5c7082428a668",0.64076686666667
"804a73df74595024fef5c7082428a668",0.640879880000004
"804a73df74595024fef5c7082428a668",0.640276013333337
"804a73df74595024fef5c7082428a668",0.639779573333337
"804a73df74595024fef5c7082428a668",0.641180920000004
"804a73df74595024fef5c7082428a668",0.639122680000003
"804a73df74595024fef5c7082428a668",0.640574293333337
"804a73df74595024fef5c7082428a668",0.640325520000004
"804a73df74595024fef5c7082428a668",0.64016906666667
"804a73df74595024fef5c7082428a668",0.640596600000004
"81a0c4689fb7ce553a0d5c2fd19b6efd",0.808096949999999
"81a0c4689fb7ce553a0d5c2fd19b6efd",0.809522599999999
"81a0c4689fb7ce553a0d5c2fd19b6efd",0.808312466666666
"81a0c4689fb7ce553a0d5c2fd19b6efd",0.807918933333332
"81a0c4689fb7ce553a0d5c2fd19b6efd",0.809196333333333
"81a0c4689fb7ce553a0d5c2fd19b6efd",0.808324666666666
"81a0c4689fb7ce553a0d5c2fd19b6efd",0.809133533333332
"81a0c4689fb7ce553a0d5c2fd19b6efd",0.810145599999999
"81a0c4689fb7ce553a0d5c2fd19b6efd",0.808404199999999
"81a0c4689fb7ce553a0d5c2fd19b6efd",0.808687999999999
"81a0c4689fb7ce553a0d5c2fd19b6efd",0.808285066666666
"81a0c4689fb7ce553a0d5c2fd19b6efd",0.808256999999999
"81a0c4689fb7ce553a0d5c2fd19b6efd",0.808396399999999
"81a0c4689fb7ce553a0d5c2fd19b6efd",0.808471466666666
"81a0c4689fb7ce553a0d5c2fd19b6efd",0.809343999999999
"81a0c4689fb7ce553a0d5c2fd19b6efd",0.808132999999999
"81a0c4689fb7ce553a0d5c2fd19b6efd",0.809614399999999
"81a0c4689fb7ce553a0d5c2fd19b6efd",0.808669519999999
"81a0c4689fb7ce553a0d5c2fd19b6efd",0.807681766666666
"81a0c4689fb7ce553a0d5c2fd19b6efd",0.809494199999999
"81a0c4689fb7ce553a0d5c2fd19b6efd",0.807937199999999
"81a0c4689fb7ce553a0d5c2fd19b6efd",0.808825399999999
"81a0c4689fb7ce553a0d5c2fd19b6efd",0.807443666666666
"81a0c4689fb7ce553a0d5c2fd19b6efd",0.808343866666666
"88591b4d3219675bdeb33584b755f680",0.839568949999992
"88591b4d3219675bdeb33584b755f680",0.838754823333326
"88591b4d3219675bdeb33584b755f680",0.837928083333325
"88591b4d3219675bdeb33584b755f680",0.839946666666659
"88591b4d3219675bdeb33584b755f680",0.839983999999992
"88591b4d3219675bdeb33584b755f680",0.839834999999992
"88591b4d3219675bdeb33584b755f680",0.839406599999992
"88591b4d3219675bdeb33584b755f680",0.838946549999992
"88591b4d3219675bdeb33584b755f680",0.839949319999992
"88591b4d3219675bdeb33584b755f680",0.839306483333326
"88591b4d3219675bdeb33584b755f680",0.839847959999992
"88591b4d3219675bdeb33584b755f680",0.839919999999992
"88591b4d3219675bdeb33584b755f680",0.839586266666659
"88591b4d3219675bdeb33584b755f680",0.839974639999992
"88591b4d3219675bdeb33584b755f680",0.839143933333325
"88591b4d3219675bdeb33584b755f680",0.839957333333325
"88591b4d3219675bdeb33584b755f680",0.839355919999992
"88591b4d3219675bdeb33584b755f680",0.839453266666659
"88591b4d3219675bdeb33584b755f680",0.840223999999992
"88591b4d3219675bdeb33584b755f680",0.838761453333325
"88591b4d3219675bdeb33584b755f680",0.840079999999992
"88591b4d3219675bdeb33584b755f680",0.838187933333325
"88591b4d3219675bdeb33584b755f680",0.839393266666659
"88591b4d3219675bdeb33584b755f680",0.839999999999992
"88591b4d3219675bdeb33584b755f680",0.839137199999992
"88591b4d3219675bdeb33584b755f680",0.839881319999992
"88591b4d3219675bdeb33584b755f680",0.840035519999992
"88591b4d3219675bdeb33584b755f680",0.839510066666659
"88591b4d3219675bdeb33584b755f680",0.839584333333325
"88591b4d3219675bdeb33584b755f680",0.840014639999992
"8a1df180ea2c0d298aa1d739fe720a0c",0.799451999999996
"8a1df180ea2c0d298aa1d739fe720a0c",0.799407049999996
"8a1df180ea2c0d298aa1d739fe720a0c",0.798820799999996
"8a1df180ea2c0d298aa1d739fe720a0c",0.798934679999996
"8a1df180ea2c0d298aa1d739fe720a0c",0.799083199999996
"8a1df180ea2c0d298aa1d739fe720a0c",0.800415799999996
"8a1df180ea2c0d298aa1d739fe720a0c",0.799180239999996
"8a1df180ea2c0d298aa1d739fe720a0c",0.800070399999996
"8a1df180ea2c0d298aa1d739fe720a0c",0.799729199999996
"8a1df180ea2c0d298aa1d739fe720a0c",0.799612399999996
"8a1df180ea2c0d298aa1d739fe720a0c",0.799646089999996
"8a1df180ea2c0d298aa1d739fe720a0c",0.799652823333329
"8a1df180ea2c0d298aa1d739fe720a0c",0.800108799999996
"8a1df180ea2c0d298aa1d739fe720a0c",0.799524849999996
"8a1df180ea2c0d298aa1d739fe720a0c",0.799748849999996
"8a1df180ea2c0d298aa1d739fe720a0c",0.799527049999996
"8a1df180ea2c0d298aa1d739fe720a0c",0.800031999999996
"8a1df180ea2c0d298aa1d739fe720a0c",0.799890199999996
"8a1df180ea2c0d298aa1d739fe720a0c",0.800368199999996
"8a1df180ea2c0d298aa1d739fe720a0c",0.799684999999996
"8a1df180ea2c0d298aa1d739fe720a0c",0.800582599999996
"8a1df180ea2c0d298aa1d739fe720a0c",0.800063599999996
"8a6cb96eabdd2be1fe1e8bf4043d385f",0.771328000000001
"8a6cb96eabdd2be1fe1e8bf4043d385f",0.771156480000001
"8a6cb96eabdd2be1fe1e8bf4043d385f",0.771134600000001
"8a6cb96eabdd2be1fe1e8bf4043d385f",0.772036800000001
"8a6cb96eabdd2be1fe1e8bf4043d385f",0.772196200000001
"8a6cb96eabdd2be1fe1e8bf4043d385f",0.7725604
"8a6cb96eabdd2be1fe1e8bf4043d385f",0.772464400000001
"8a6cb96eabdd2be1fe1e8bf4043d385f",0.773405680000001
"8a6cb96eabdd2be1fe1e8bf4043d385f",0.772315550000001
"8a6cb96eabdd2be1fe1e8bf4043d385f",0.771710700000001
"8a6cb96eabdd2be1fe1e8bf4043d385f",0.772579400000001
"8a6cb96eabdd2be1fe1e8bf4043d385f",0.770934600000001
"8a6cb96eabdd2be1fe1e8bf4043d385f",0.773321920000001
"8a6cb96eabdd2be1fe1e8bf4043d385f",0.772647280000001
"8a6cb96eabdd2be1fe1e8bf4043d385f",0.772002600000001
"8a6cb96eabdd2be1fe1e8bf4043d385f",0.772362920000001
"8a6cb96eabdd2be1fe1e8bf4043d385f",0.771540050000001
"8a6cb96eabdd2be1fe1e8bf4043d385f",0.770835400000001
"8a6cb96eabdd2be1fe1e8bf4043d385f",0.772049200000001
"8a6cb96eabdd2be1fe1e8bf4043d385f",0.771276400000001
"8a6cb96eabdd2be1fe1e8bf4043d385f",0.772454000000001
"8a6cb96eabdd2be1fe1e8bf4043d385f",0.772582000000001
"8a6cb96eabdd2be1fe1e8bf4043d385f",0.771845480000001
"8a6cb96eabdd2be1fe1e8bf4043d385f",0.772219000000001
"8a6cb96eabdd2be1fe1e8bf4043d385f",0.771373400000001
"8a6cb96eabdd2be1fe1e8bf4043d385f",0.772407200000001
"8a6cb96eabdd2be1fe1e8bf4043d385f",0.770897250000001
"8a6cb96eabdd2be1fe1e8bf4043d385f",0.771716760000001
"8a6cb96eabdd2be1fe1e8bf4043d385f",0.7722746
"8a6cb96eabdd2be1fe1e8bf4043d385f",0.772390000000001
"8ab84c57bf234ea2e3bf8330b47c2db1",0.717121799999994
"8ab84c57bf234ea2e3bf8330b47c2db1",0.716925799999994
"8ab84c57bf234ea2e3bf8330b47c2db1",0.716784333333328
"8ab84c57bf234ea2e3bf8330b47c2db1",0.717452599999994
"8ab84c57bf234ea2e3bf8330b47c2db1",0.716745519999994
"8ab84c57bf234ea2e3bf8330b47c2db1",0.716620919999994
"8ab84c57bf234ea2e3bf8330b47c2db1",0.717515599999994
"8ab84c57bf234ea2e3bf8330b47c2db1",0.717199266666661
"8ab84c57bf234ea2e3bf8330b47c2db1",0.717260919999994
"8ab84c57bf234ea2e3bf8330b47c2db1",0.717223999999994
"8ab84c57bf234ea2e3bf8330b47c2db1",0.717260649999994
"8ab84c57bf234ea2e3bf8330b47c2db1",0.717333999999994
"8ab84c57bf234ea2e3bf8330b47c2db1",0.715818199999994
"8ab84c57bf234ea2e3bf8330b47c2db1",0.717138199999994
"8ab84c57bf234ea2e3bf8330b47c2db1",0.717623199999995
"8ab84c57bf234ea2e3bf8330b47c2db1",0.717600049999994
"8ab84c57bf234ea2e3bf8330b47c2db1",0.716142799999994
"8ab84c57bf234ea2e3bf8330b47c2db1",0.717348266666661
"8ab84c57bf234ea2e3bf8330b47c2db1",0.716500599999994
"8ab84c57bf234ea2e3bf8330b47c2db1",0.715955199999994
"8ab84c57bf234ea2e3bf8330b47c2db1",0.717211199999994
"8ab84c57bf234ea2e3bf8330b47c2db1",0.716279799999994
"8ab84c57bf234ea2e3bf8330b47c2db1",0.716610266666661
"8ab84c57bf234ea2e3bf8330b47c2db1",0.717480599999994
"8ab84c57bf234ea2e3bf8330b47c2db1",0.717515199999994
"8ab84c57bf234ea2e3bf8330b47c2db1",0.716166599999994
"8ab84c57bf234ea2e3bf8330b47c2db1",0.716292519999994
"8ab84c57bf234ea2e3bf8330b47c2db1",0.717648599999994
"8ab84c57bf234ea2e3bf8330b47c2db1",0.717131199999994
"8ab84c57bf234ea2e3bf8330b47c2db1",0.717467359999995
"8ae7398026ed8f2172aefd6cbc856bc8",0.591706799999996
"8ae7398026ed8f2172aefd6cbc856bc8",0.590071399999996
"8ae7398026ed8f2172aefd6cbc856bc8",0.592279399999996
"8ae7398026ed8f2172aefd6cbc856bc8",0.588716019999996
"8ae7398026ed8f2172aefd6cbc856bc8",0.595136433333329
"8ae7398026ed8f2172aefd6cbc856bc8",0.589753319999996
"8ae7398026ed8f2172aefd6cbc856bc8",0.594489399999996
"8ae7398026ed8f2172aefd6cbc856bc8",0.591568999999996
"8ae7398026ed8f2172aefd6cbc856bc8",0.592526649999995
"8ae7398026ed8f2172aefd6cbc856bc8",0.593157199999996
"8ae7398026ed8f2172aefd6cbc856bc8",0.590265799999996
"8ae7398026ed8f2172aefd6cbc856bc8",0.591575699999996
"8ae7398026ed8f2172aefd6cbc856bc8",0.590722199999996
"8ae7398026ed8f2172aefd6cbc856bc8",0.592427799999996
"8ae7398026ed8f2172aefd6cbc856bc8",0.590896999999996
"8ae7398026ed8f2172aefd6cbc856bc8",0.592729119999996
"8ae7398026ed8f2172aefd6cbc856bc8",0.590379149999996
"8ae7398026ed8f2172aefd6cbc856bc8",0.593229199999996
"8ae7398026ed8f2172aefd6cbc856bc8",0.591994583333329
"8ae7398026ed8f2172aefd6cbc856bc8",0.595752999999996
"8ae7398026ed8f2172aefd6cbc856bc8",0.590713399999996
"8ae7398026ed8f2172aefd6cbc856bc8",0.589244399999996
"8ae7398026ed8f2172aefd6cbc856bc8",0.592560199999996
"8ae7398026ed8f2172aefd6cbc856bc8",0.591135266666662
"8ae7398026ed8f2172aefd6cbc856bc8",0.590038999999996
"8ae7398026ed8f2172aefd6cbc856bc8",0.591981969999996
"8ae7398026ed8f2172aefd6cbc856bc8",0.593970599999996
"8ae7398026ed8f2172aefd6cbc856bc8",0.592921899999996
"8ae7398026ed8f2172aefd6cbc856bc8",0.592987283333329
"8ae7398026ed8f2172aefd6cbc856bc8",0.593973319999996
"8ef897e468650c19f3f31529712fc500",0.717509999999999
"8ef897e468650c19f3f31529712fc500",0.716621079999999
"8ef897e468650c19f3f31529712fc500",0.715996279999999
"8ef897e468650c19f3f31529712fc500",0.716323799999999
"8ef897e468650c19f3f31529712fc500",0.715990199999999
"8ef897e468650c19f3f31529712fc500",0.716214719999999
"8ef897e468650c19f3f31529712fc500",0.717451799999999
"8ef897e468650c19f3f31529712fc500",0.716238399999999
"8ef897e468650c19f3f31529712fc500",0.716929199999999
"8ef897e468650c19f3f31529712fc500",0.716624399999999
"8ef897e468650c19f3f31529712fc500",0.716405399999999
"8ef897e468650c19f3f31529712fc500",0.717020199999999
"8ef897e468650c19f3f31529712fc500",0.715969999999999
"8ef897e468650c19f3f31529712fc500",0.716908599999999
"8ef897e468650c19f3f31529712fc500",0.716258199999999
"8ef897e468650c19f3f31529712fc500",0.717109999999999
"8ef897e468650c19f3f31529712fc500",0.716467119999999
"8ef897e468650c19f3f31529712fc500",0.716424799999999
"8ef897e468650c19f3f31529712fc500",0.716678399999999
"8ef897e468650c19f3f31529712fc500",0.717155079999999
"8ef897e468650c19f3f31529712fc500",0.716497399999999
"8ef897e468650c19f3f31529712fc500",0.715932999999999
"8ef897e468650c19f3f31529712fc500",0.715692999999999
"8ef897e468650c19f3f31529712fc500",0.716523649999999
"8ef897e468650c19f3f31529712fc500",0.716482519999999
"8ef897e468650c19f3f31529712fc500",0.716134199999999
"8ef897e468650c19f3f31529712fc500",0.716363399999999
"8ef897e468650c19f3f31529712fc500",0.716423399999999
"8ef897e468650c19f3f31529712fc500",0.716229799999999
"8ef897e468650c19f3f31529712fc500",0.716861799999999
"8f48863757fe83ca146cbf93e37b1ab7",0.605381599999998
"97103cdf7b277304a7ceebd83c64fba1",0.797145399999997
"97103cdf7b277304a7ceebd83c64fba1",0.797502799999997
"97103cdf7b277304a7ceebd83c64fba1",0.797600599999997
"97103cdf7b277304a7ceebd83c64fba1",0.797718799999997
"97103cdf7b277304a7ceebd83c64fba1",0.798173999999997
"97103cdf7b277304a7ceebd83c64fba1",0.798271799999997
"97103cdf7b277304a7ceebd83c64fba1",0.797047599999997
"9e52112668804599bae71e241e4b4548",0.486684799999996
"9e52112668804599bae71e241e4b4548",0.484399999999996
"9e52112668804599bae71e241e4b4548",0.485262399999996
"9e52112668804599bae71e241e4b4548",0.486420299999996
"9e52112668804599bae71e241e4b4548",0.487044849999996
"9e52112668804599bae71e241e4b4548",0.485622399999996
"9e52112668804599bae71e241e4b4548",0.484831199999996
"9e52112668804599bae71e241e4b4548",0.485806919999996
"a36d22467b9c3af222b5e231e3b23791",0.588475599999997
"a36d22467b9c3af222b5e231e3b23791",0.588261799999997
"a36d22467b9c3af222b5e231e3b23791",0.586105799999997
"a36d22467b9c3af222b5e231e3b23791",0.587448199999997
"a36d22467b9c3af222b5e231e3b23791",0.587112119999997
"a36d22467b9c3af222b5e231e3b23791",0.587621599999997
"a36d22467b9c3af222b5e231e3b23791",0.590472149999997
"a36d22467b9c3af222b5e231e3b23791",0.589217399999997
"a36d22467b9c3af222b5e231e3b23791",0.588157199999997
"a36d22467b9c3af222b5e231e3b23791",0.589624099999997
"a36d22467b9c3af222b5e231e3b23791",0.587565999999997
"a36d22467b9c3af222b5e231e3b23791",0.588545279999997
"a36d22467b9c3af222b5e231e3b23791",0.589973119999997
"a36d22467b9c3af222b5e231e3b23791",0.588521799999997
"a36d22467b9c3af222b5e231e3b23791",0.588779599999997
"a36d22467b9c3af222b5e231e3b23791",0.588091749999997
"a36d22467b9c3af222b5e231e3b23791",0.587679399999997
"a36d22467b9c3af222b5e231e3b23791",0.587672799999997
"a36d22467b9c3af222b5e231e3b23791",0.587640719999997
"a36d22467b9c3af222b5e231e3b23791",0.588108399999997
"a36d22467b9c3af222b5e231e3b23791",0.588957399999997
"a36d22467b9c3af222b5e231e3b23791",0.587992799999997
"a36d22467b9c3af222b5e231e3b23791",0.586930399999997
"a36d22467b9c3af222b5e231e3b23791",0.588997399999997
"a36d22467b9c3af222b5e231e3b23791",0.589957599999997
"a36d22467b9c3af222b5e231e3b23791",0.587754999999996
"a36d22467b9c3af222b5e231e3b23791",0.589175199999997
"a36d22467b9c3af222b5e231e3b23791",0.588603999999996
"a36d22467b9c3af222b5e231e3b23791",0.586812599999997
"a36d22467b9c3af222b5e231e3b23791",0.587330399999997
"a65eb348fb03103dcd48530b52b996a7",0.712332760000004
"a65eb348fb03103dcd48530b52b996a7",0.714955933333338
"a65eb348fb03103dcd48530b52b996a7",0.715721893333337
"a65eb348fb03103dcd48530b52b996a7",0.712517333333337
"a65eb348fb03103dcd48530b52b996a7",0.757488373333338
"a65eb348fb03103dcd48530b52b996a7",0.705376926666671
"a65eb348fb03103dcd48530b52b996a7",0.752121906666671
"a65eb348fb03103dcd48530b52b996a7",0.713620000000004
"a65eb348fb03103dcd48530b52b996a7",0.751949186666671
"a65eb348fb03103dcd48530b52b996a7",0.712370266666671
"a65eb348fb03103dcd48530b52b996a7",0.711509680000004
"a65eb348fb03103dcd48530b52b996a7",0.757966093333338
"a65eb348fb03103dcd48530b52b996a7",0.748884893333338
"a65eb348fb03103dcd48530b52b996a7",0.711646333333337
"a65eb348fb03103dcd48530b52b996a7",0.760289706666671
"a65eb348fb03103dcd48530b52b996a7",0.719660000000004
"a65eb348fb03103dcd48530b52b996a7",0.753376533333338
"a65eb348fb03103dcd48530b52b996a7",0.754585706666671
"a65eb348fb03103dcd48530b52b996a7",0.754379026666672
"a65eb348fb03103dcd48530b52b996a7",0.712199733333337
"a65eb348fb03103dcd48530b52b996a7",0.709510666666671
"a65eb348fb03103dcd48530b52b996a7",0.713540093333337
"a65eb348fb03103dcd48530b52b996a7",0.712525880000004
"a65eb348fb03103dcd48530b52b996a7",0.745748026666671
"a65eb348fb03103dcd48530b52b996a7",0.707879560000004
"a65eb348fb03103dcd48530b52b996a7",0.713014133333337
"a65eb348fb03103dcd48530b52b996a7",0.710749400000004
"a65eb348fb03103dcd48530b52b996a7",0.707369013333337
"a65eb348fb03103dcd48530b52b996a7",0.712765000000004
"a65eb348fb03103dcd48530b52b996a7",0.711834000000004
"b569502f473b890f9fcfc45b8a227baa",0.754607746666671
"b569502f473b890f9fcfc45b8a227baa",0.752820866666671
"b569502f473b890f9fcfc45b8a227baa",0.711873200000004
"b569502f473b890f9fcfc45b8a227baa",0.708125000000004
"b569502f473b890f9fcfc45b8a227baa",0.712525880000004
"b569502f473b890f9fcfc45b8a227baa",0.709510666666671
"b569502f473b890f9fcfc45b8a227baa",0.759946760000005
"b569502f473b890f9fcfc45b8a227baa",0.754862493333338
"b569502f473b890f9fcfc45b8a227baa",0.712765000000004
"b569502f473b890f9fcfc45b8a227baa",0.714005333333337
"b569502f473b890f9fcfc45b8a227baa",0.711646333333337
"b569502f473b890f9fcfc45b8a227baa",0.719660000000004
"b569502f473b890f9fcfc45b8a227baa",0.712475000000004
"b569502f473b890f9fcfc45b8a227baa",0.709716480000004
"b569502f473b890f9fcfc45b8a227baa",0.709188000000004
"b569502f473b890f9fcfc45b8a227baa",0.714540693333337
"b569502f473b890f9fcfc45b8a227baa",0.710789920000004
"b569502f473b890f9fcfc45b8a227baa",0.716046960000004
"b569502f473b890f9fcfc45b8a227baa",0.710749400000004
"b569502f473b890f9fcfc45b8a227baa",0.713014133333337
"b569502f473b890f9fcfc45b8a227baa",0.712199733333337
"b569502f473b890f9fcfc45b8a227baa",0.707369013333337
"b569502f473b890f9fcfc45b8a227baa",0.753464613333338
"b569502f473b890f9fcfc45b8a227baa",0.757966093333338
"b569502f473b890f9fcfc45b8a227baa",0.749780440000005
"b569502f473b890f9fcfc45b8a227baa",0.712370266666671
"b569502f473b890f9fcfc45b8a227baa",0.760289706666671
"b569502f473b890f9fcfc45b8a227baa",0.712517333333337
"b569502f473b890f9fcfc45b8a227baa",0.757488373333338
"b569502f473b890f9fcfc45b8a227baa",0.753376533333338
"b844b947d3f4f2829acc21c79ee6ef5e",0.873451000000005
"b844b947d3f4f2829acc21c79ee6ef5e",0.871516100000005
"b844b947d3f4f2829acc21c79ee6ef5e",0.871708960000005
"b844b947d3f4f2829acc21c79ee6ef5e",0.872294400000005
"b844b947d3f4f2829acc21c79ee6ef5e",0.872188480000005
"b844b947d3f4f2829acc21c79ee6ef5e",0.871851000000005
"b844b947d3f4f2829acc21c79ee6ef5e",0.871581200000005
"b844b947d3f4f2829acc21c79ee6ef5e",0.873159500000005
"b844b947d3f4f2829acc21c79ee6ef5e",0.871137800000005
"b844b947d3f4f2829acc21c79ee6ef5e",0.873937800000005
"b844b947d3f4f2829acc21c79ee6ef5e",0.873978760000005
"b844b947d3f4f2829acc21c79ee6ef5e",0.872359500000005
"b844b947d3f4f2829acc21c79ee6ef5e",0.874251000000005
"b844b947d3f4f2829acc21c79ee6ef5e",0.872694400000005
"b844b947d3f4f2829acc21c79ee6ef5e",0.871051000000005
"b844b947d3f4f2829acc21c79ee6ef5e",0.871851000000005
"b844b947d3f4f2829acc21c79ee6ef5e",0.874651000000005
"b844b947d3f4f2829acc21c79ee6ef5e",0.871202900000005
"b844b947d3f4f2829acc21c79ee6ef5e",0.871363600000005
"b844b947d3f4f2829acc21c79ee6ef5e",0.872424600000005
"b844b947d3f4f2829acc21c79ee6ef5e",0.873451000000005
"b844b947d3f4f2829acc21c79ee6ef5e",0.872337800000005
"b844b947d3f4f2829acc21c79ee6ef5e",0.872369800000005
"c2d6b7f8db832c0be60251cf412e35c5",0.920000000000004
"c2d6b7f8db832c0be60251cf412e35c5",0.919727760000004
"c2d6b7f8db832c0be60251cf412e35c5",0.919673320000004
"c2d6b7f8db832c0be60251cf412e35c5",0.919417360000004
"c2d6b7f8db832c0be60251cf412e35c5",0.919128800000004
"caeed832ab664f42bc7ebe8a0ea0edc6",0.877851000000005
"caeed832ab664f42bc7ebe8a0ea0edc6",0.877176070000005
"caeed832ab664f42bc7ebe8a0ea0edc6",0.875537800000005
"caeed832ab664f42bc7ebe8a0ea0edc6",0.877159500000005
"caeed832ab664f42bc7ebe8a0ea0edc6",0.876508960000005
"caeed832ab664f42bc7ebe8a0ea0edc6",0.879051000000005
"caeed832ab664f42bc7ebe8a0ea0edc6",0.877494400000005
"caeed832ab664f42bc7ebe8a0ea0edc6",0.878251000000005
"caeed832ab664f42bc7ebe8a0ea0edc6",0.877051000000005
"caeed832ab664f42bc7ebe8a0ea0edc6",0.879451000000005
"caeed832ab664f42bc7ebe8a0ea0edc6",0.878251000000005
"caeed832ab664f42bc7ebe8a0ea0edc6",0.878359500000005
"caeed832ab664f42bc7ebe8a0ea0edc6",0.876316100000005
"caeed832ab664f42bc7ebe8a0ea0edc6",0.877137800000005
"caeed832ab664f42bc7ebe8a0ea0edc6",0.876523193333338
"caeed832ab664f42bc7ebe8a0ea0edc6",0.877581200000005
"caeed832ab664f42bc7ebe8a0ea0edc6",0.877537800000005
"caeed832ab664f42bc7ebe8a0ea0edc6",0.876433060000005
"caeed832ab664f42bc7ebe8a0ea0edc6",0.878737800000005
"caeed832ab664f42bc7ebe8a0ea0edc6",0.876824600000005
"caeed832ab664f42bc7ebe8a0ea0edc6",0.876381200000005
"caeed832ab664f42bc7ebe8a0ea0edc6",0.876251000000005
"caeed832ab664f42bc7ebe8a0ea0edc6",0.876251000000005
"caeed832ab664f42bc7ebe8a0ea0edc6",0.877137800000005
"cb03474483e366b5c8dd9f4a2a7537c1",0.881995660000002
"cb03474483e366b5c8dd9f4a2a7537c1",0.880547600000002
"cb03474483e366b5c8dd9f4a2a7537c1",0.882728600000002
"cb03474483e366b5c8dd9f4a2a7537c1",0.880625000000002
"cb03474483e366b5c8dd9f4a2a7537c1",0.881024900000002
"cb03474483e366b5c8dd9f4a2a7537c1",0.881878400000002
"cb03474483e366b5c8dd9f4a2a7537c1",0.881584400000002
"cb03474483e366b5c8dd9f4a2a7537c1",0.882621500000002
"cb03474483e366b5c8dd9f4a2a7537c1",0.883082760000002
"cb03474483e366b5c8dd9f4a2a7537c1",0.884127400000002
"cb03474483e366b5c8dd9f4a2a7537c1",0.882335870000002
"cb03474483e366b5c8dd9f4a2a7537c1",0.881778100000001
"cb03474483e366b5c8dd9f4a2a7537c1",0.881959800000001
"cb03474483e366b5c8dd9f4a2a7537c1",0.882198400000002
"cb03474483e366b5c8dd9f4a2a7537c1",0.882083200000002
"cb03474483e366b5c8dd9f4a2a7537c1",0.880301800000002
"cb03474483e366b5c8dd9f4a2a7537c1",0.880211600000002
"cb03474483e366b5c8dd9f4a2a7537c1",0.883473000000002
"cb03474483e366b5c8dd9f4a2a7537c1",0.879836700000002
"cb03474483e366b5c8dd9f4a2a7537c1",0.883120800000001
"cb03474483e366b5c8dd9f4a2a7537c1",0.881903000000002
"cb03474483e366b5c8dd9f4a2a7537c1",0.884064000000002
"cb03474483e366b5c8dd9f4a2a7537c1",0.881398760000002
"cb03474483e366b5c8dd9f4a2a7537c1",0.883434000000002
"cb03474483e366b5c8dd9f4a2a7537c1",0.881873333333335
"cb03474483e366b5c8dd9f4a2a7537c1",0.880917100000002
"cb03474483e366b5c8dd9f4a2a7537c1",0.882162500000002
"cb03474483e366b5c8dd9f4a2a7537c1",0.883527400000002
"cb03474483e366b5c8dd9f4a2a7537c1",0.883137600000002
"cb03474483e366b5c8dd9f4a2a7537c1",0.882906400000002
"cc70903297fe1e25537ae50aea186306",0.711666333333337
"cc70903297fe1e25537ae50aea186306",0.713014133333337
"cc70903297fe1e25537ae50aea186306",0.714540693333337
"cc70903297fe1e25537ae50aea186306",0.712517333333337
"cc70903297fe1e25537ae50aea186306",0.714955933333338
"cc70903297fe1e25537ae50aea186306",0.716046960000004
"cc70903297fe1e25537ae50aea186306",0.757488373333338
"cc70903297fe1e25537ae50aea186306",0.707369013333337
"cc70903297fe1e25537ae50aea186306",0.760289706666671
"cc70903297fe1e25537ae50aea186306",0.753376533333338
"cc70903297fe1e25537ae50aea186306",0.757966093333338
"cc70903297fe1e25537ae50aea186306",0.754585706666671
"cc70903297fe1e25537ae50aea186306",0.754862493333338
"cc70903297fe1e25537ae50aea186306",0.759946760000005
"cc70903297fe1e25537ae50aea186306",0.752820866666671
"cc70903297fe1e25537ae50aea186306",0.757636346666672
"cc70903297fe1e25537ae50aea186306",0.711873200000004
"cc70903297fe1e25537ae50aea186306",0.710749400000004
"cc70903297fe1e25537ae50aea186306",0.711646333333337
"cc70903297fe1e25537ae50aea186306",0.712251666666671
"cc70903297fe1e25537ae50aea186306",0.710196000000004
"cc70903297fe1e25537ae50aea186306",0.712332760000004
"cc70903297fe1e25537ae50aea186306",0.711106960000004
"cc70903297fe1e25537ae50aea186306",0.713620000000004
"cc70903297fe1e25537ae50aea186306",0.753464613333338
"cc70903297fe1e25537ae50aea186306",0.709510666666671
"cc70903297fe1e25537ae50aea186306",0.717913813333337
"cc70903297fe1e25537ae50aea186306",0.712525880000004
"cc70903297fe1e25537ae50aea186306",0.712022333333337
"cc70903297fe1e25537ae50aea186306",0.70845166666667
"ccd44234c58cba8173f8ae706a0fce24",0.822232000000003
"ccd44234c58cba8173f8ae706a0fce24",0.819722643333336
"ccd44234c58cba8173f8ae706a0fce24",0.818991400000003
"ccd44234c58cba8173f8ae706a0fce24",0.820113800000003
"ccd44234c58cba8173f8ae706a0fce24",0.823432000000003
"ccd44234c58cba8173f8ae706a0fce24",0.819982800000003
"ccd44234c58cba8173f8ae706a0fce24",0.821118800000003
"ccd44234c58cba8173f8ae706a0fce24",0.819397060000003
"ccd44234c58cba8173f8ae706a0fce24",0.821685983333336
"ccd44234c58cba8173f8ae706a0fce24",0.823126600000003
"ccd44234c58cba8173f8ae706a0fce24",0.823215600000003
"ccd44234c58cba8173f8ae706a0fce24",0.819888860000003
"ccd44234c58cba8173f8ae706a0fce24",0.820993160000003
"ccd44234c58cba8173f8ae706a0fce24",0.822632000000003
"ccd44234c58cba8173f8ae706a0fce24",0.821240160000003
"ccd44234c58cba8173f8ae706a0fce24",0.822650100000003
"ccd44234c58cba8173f8ae706a0fce24",0.822464000000003
"ccd44234c58cba8173f8ae706a0fce24",0.819485700000003
"ccd44234c58cba8173f8ae706a0fce24",0.819225900000003
"ccd44234c58cba8173f8ae706a0fce24",0.819659000000003
"ccf4769973f7658ac976a063527c4292",0.459625000000002
"ccf4769973f7658ac976a063527c4292",0.459554600000002
"ccf4769973f7658ac976a063527c4292",0.458205000000002
"ccf4769973f7658ac976a063527c4292",0.461530000000002
"ccf4769973f7658ac976a063527c4292",0.461308480000002
"ccf4769973f7658ac976a063527c4292",0.457313333333335
"ccf4769973f7658ac976a063527c4292",0.459544000000002
"ccf4769973f7658ac976a063527c4292",0.458028000000002
"ccf4769973f7658ac976a063527c4292",0.459684480000002
"ccf4769973f7658ac976a063527c4292",0.459226400000002
"ccf4769973f7658ac976a063527c4292",0.461905600000002
"ccf4769973f7658ac976a063527c4292",0.458300000000002
"ccf4769973f7658ac976a063527c4292",0.458789000000002
"ccf4769973f7658ac976a063527c4292",0.456960000000002
"ccf4769973f7658ac976a063527c4292",0.457760000000002
"ccf4769973f7658ac976a063527c4292",0.459304000000002
"ccf4769973f7658ac976a063527c4292",0.459720000000002
"ccf4769973f7658ac976a063527c4292",0.459545600000002
"ccf4769973f7658ac976a063527c4292",0.458005000000002
"ccf4769973f7658ac976a063527c4292",0.457264000000002
"ccf4769973f7658ac976a063527c4292",0.458685000000002
"ccf4769973f7658ac976a063527c4292",0.458845000000002
"ccf4769973f7658ac976a063527c4292",0.458060000000002
"ccf4769973f7658ac976a063527c4292",0.457820000000002
"ccf4769973f7658ac976a063527c4292",0.460708000000002
"cfa932116e1a833196044a79151ccba3",0.595658999999999
"cfa932116e1a833196044a79151ccba3",0.595427799999999
"cfa932116e1a833196044a79151ccba3",0.596566799999999
"cfa932116e1a833196044a79151ccba3",0.596335599999999
"cfa932116e1a833196044a79151ccba3",0.595890199999999
"d185c5ed37536ac0063f735f7a15dd24",0.66568355
"d185c5ed37536ac0063f735f7a15dd24",0.6642216
"d185c5ed37536ac0063f735f7a15dd24",0.6642008
"d185c5ed37536ac0063f735f7a15dd24",0.6649533
"d185c5ed37536ac0063f735f7a15dd24",0.66466316
"d185c5ed37536ac0063f735f7a15dd24",0.66391756
"d185c5ed37536ac0063f735f7a15dd24",0.6658272
"d185c5ed37536ac0063f735f7a15dd24",0.6658978
"d185c5ed37536ac0063f735f7a15dd24",0.6655725
"d185c5ed37536ac0063f735f7a15dd24",0.6645918
"d185c5ed37536ac0063f735f7a15dd24",0.6636944
"d185c5ed37536ac0063f735f7a15dd24",0.6655009
"d185c5ed37536ac0063f735f7a15dd24",0.6675081
"d185c5ed37536ac0063f735f7a15dd24",0.6653048
"d185c5ed37536ac0063f735f7a15dd24",0.6641648
"d185c5ed37536ac0063f735f7a15dd24",0.664627
"d185c5ed37536ac0063f735f7a15dd24",0.6638069
"d185c5ed37536ac0063f735f7a15dd24",0.6648674
"d185c5ed37536ac0063f735f7a15dd24",0.6631194
"d185c5ed37536ac0063f735f7a15dd24",0.664395
"d185c5ed37536ac0063f735f7a15dd24",0.663954
"d185c5ed37536ac0063f735f7a15dd24",0.6640696
"d185c5ed37536ac0063f735f7a15dd24",0.66656744
"d185c5ed37536ac0063f735f7a15dd24",0.66419124
"d185c5ed37536ac0063f735f7a15dd24",0.66557105
"d185c5ed37536ac0063f735f7a15dd24",0.6657806
"d185c5ed37536ac0063f735f7a15dd24",0.66686405
"d185c5ed37536ac0063f735f7a15dd24",0.6674551
"d185c5ed37536ac0063f735f7a15dd24",0.6659901
"d7419ae04f248e5105ac3d0700389775",0.766004400000004
"d7419ae04f248e5105ac3d0700389775",0.766924600000004
"d7419ae04f248e5105ac3d0700389775",0.766268800000004
"d7419ae04f248e5105ac3d0700389775",0.766336000000004
"d7419ae04f248e5105ac3d0700389775",0.766407000000004
"d7419ae04f248e5105ac3d0700389775",0.766444800000004
"d7419ae04f248e5105ac3d0700389775",0.766407000000004
"d7419ae04f248e5105ac3d0700389775",0.765944600000004
"d7419ae04f248e5105ac3d0700389775",0.765271400000004
"d7419ae04f248e5105ac3d0700389775",0.763830600000004
"d7419ae04f248e5105ac3d0700389775",0.764617200000004
"d7419ae04f248e5105ac3d0700389775",0.764057200000004
"d7419ae04f248e5105ac3d0700389775",0.764881600000004
"d7419ae04f248e5105ac3d0700389775",0.764095000000004
"d7419ae04f248e5105ac3d0700389775",0.764579400000004
"dc5631bb775757e5ae1e430034ad1a21",0.668564183333335
"dc5631bb775757e5ae1e430034ad1a21",0.667937960000002
"dc5631bb775757e5ae1e430034ad1a21",0.668400000000002
"dc5631bb775757e5ae1e430034ad1a21",0.667880560000002
"dc5631bb775757e5ae1e430034ad1a21",0.668903200000002
"dc5631bb775757e5ae1e430034ad1a21",0.668427733333335
"dc5631bb775757e5ae1e430034ad1a21",0.667938800000002
"dc5631bb775757e5ae1e430034ad1a21",0.668945333333336
"dc5631bb775757e5ae1e430034ad1a21",0.668115383333335
"dc5631bb775757e5ae1e430034ad1a21",0.668607250000002
"e4191d610537305de1d294adb121b513",0.674526000000003
"e4191d610537305de1d294adb121b513",0.673901900000003
"e4191d610537305de1d294adb121b513",0.674414400000003
"e4191d610537305de1d294adb121b513",0.674322866666669
"e4191d610537305de1d294adb121b513",0.674557600000003
"e4191d610537305de1d294adb121b513",0.674557600000003
"e4191d610537305de1d294adb121b513",0.674700800000003
"e4191d610537305de1d294adb121b513",0.674414400000003
"e4191d610537305de1d294adb121b513",0.675314450000003
"e4191d610537305de1d294adb121b513",0.674645360000003
"e4191d610537305de1d294adb121b513",0.674128000000003
"e4191d610537305de1d294adb121b513",0.674358960000003
"e4191d610537305de1d294adb121b513",0.674271200000003
"e4191d610537305de1d294adb121b513",0.674557600000003
"e4191d610537305de1d294adb121b513",0.674631333333336
"e4191d610537305de1d294adb121b513",0.674631200000003
"e4191d610537305de1d294adb121b513",0.674058533333336
"e4191d610537305de1d294adb121b513",0.673984800000003
"e4191d610537305de1d294adb121b513",0.675060800000003
"e4191d610537305de1d294adb121b513",0.674554120000003
"e86c39706a2a5033ed14f935353f015e",0.6097698
"e86c39706a2a5033ed14f935353f015e",0.60904812
"e86c39706a2a5033ed14f935353f015e",0.614565533333334
"e86c39706a2a5033ed14f935353f015e",0.609272080000001
"e86c39706a2a5033ed14f935353f015e",0.600911666666667
"e86c39706a2a5033ed14f935353f015e",0.601410266666667
"e86c39706a2a5033ed14f935353f015e",0.600585
"e86c39706a2a5033ed14f935353f015e",0.601254
"e86c39706a2a5033ed14f935353f015e",0.6095602
"e86c39706a2a5033ed14f935353f015e",0.607362493333334
"e86c39706a2a5033ed14f935353f015e",0.601561413333333
"e86c39706a2a5033ed14f935353f015e",0.601983733333333
"e86c39706a2a5033ed14f935353f015e",0.600534133333333
"e86c39706a2a5033ed14f935353f015e",0.6020532
"e86c39706a2a5033ed14f935353f015e",0.607304486666667
"e86c39706a2a5033ed14f935353f015e",0.608758426666667
"e86c39706a2a5033ed14f935353f015e",0.611060533333334
"e86c39706a2a5033ed14f935353f015e",0.601349013333333
"e86c39706a2a5033ed14f935353f015e",0.60083
"e86c39706a2a5033ed14f935353f015e",0.601047933333333
"e86c39706a2a5033ed14f935353f015e",0.600797333333333
"e86c39706a2a5033ed14f935353f015e",0.605129296666667
"e86c39706a2a5033ed14f935353f015e",0.60042588
"e86c39706a2a5033ed14f935353f015e",0.601136
"e86c39706a2a5033ed14f935353f015e",0.60148
"e86c39706a2a5033ed14f935353f015e",0.60213276
"e86c39706a2a5033ed14f935353f015e",0.60038
"e86c39706a2a5033ed14f935353f015e",0.601062333333333
"e86c39706a2a5033ed14f935353f015e",0.6005494
"e86c39706a2a5033ed14f935353f015e",0.602232326666666
"e875a3ad4f52e44482240713d709930e",0.530433199999999
"e875a3ad4f52e44482240713d709930e",0.529003999999999
"e875a3ad4f52e44482240713d709930e",0.528050999999999
"e875a3ad4f52e44482240713d709930e",0.528409199999999
"e875a3ad4f52e44482240713d709930e",0.528760999999999
"e875a3ad4f52e44482240713d709930e",0.527495799999999
"e875a3ad4f52e44482240713d709930e",0.529673799999999
"e875a3ad4f52e44482240713d709930e",0.529490599999999
"e875a3ad4f52e44482240713d709930e",0.527997599999999
"e875a3ad4f52e44482240713d709930e",0.529727799999999
"e875a3ad4f52e44482240713d709930e",0.529783999999999
"e875a3ad4f52e44482240713d709930e",0.530906599999999
"e875a3ad4f52e44482240713d709930e",0.530248399999999
"e875a3ad4f52e44482240713d709930e",0.528892599999999
"e875a3ad4f52e44482240713d709930e",0.529644999999999
"e875a3ad4f52e44482240713d709930e",0.529353999999999
"e875a3ad4f52e44482240713d709930e",0.528269399999999
"e875a3ad4f52e44482240713d709930e",0.528357599999999
"e875a3ad4f52e44482240713d709930e",0.528373399999999
"e875a3ad4f52e44482240713d709930e",0.527611799999999
"e875a3ad4f52e44482240713d709930e",0.529882599999999
"e875a3ad4f52e44482240713d709930e",0.528077599999999
"e875a3ad4f52e44482240713d709930e",0.528726799999999
"e875a3ad4f52e44482240713d709930e",0.527895199999999
"e875a3ad4f52e44482240713d709930e",0.528177599999999
"e875a3ad4f52e44482240713d709930e",0.528865999999999
"e875a3ad4f52e44482240713d709930e",0.528169999999999
"e875a3ad4f52e44482240713d709930e",0.528445799999999
"e875a3ad4f52e44482240713d709930e",0.527969199999999
"effbafd134873f47f49c740581fb1854",0.6393566
"effbafd134873f47f49c740581fb1854",0.640497000000001
"effbafd134873f47f49c740581fb1854",0.638807500000001
"effbafd134873f47f49c740581fb1854",0.6389389
"effbafd134873f47f49c740581fb1854",0.640541600000001
"effbafd134873f47f49c740581fb1854",0.637554400000001
"effbafd134873f47f49c740581fb1854",0.6410696
"effbafd134873f47f49c740581fb1854",0.6403234
"effbafd134873f47f49c740581fb1854",0.635243800000001
"effbafd134873f47f49c740581fb1854",0.640207150000001
"effbafd134873f47f49c740581fb1854",0.641069600000001
"effbafd134873f47f49c740581fb1854",0.641003900000001
"effbafd134873f47f49c740581fb1854",0.637775
"effbafd134873f47f49c740581fb1854",0.640454800000001
"effbafd134873f47f49c740581fb1854",0.640102800000001
"effbafd134873f47f49c740581fb1854",0.638610400000001
"effbafd134873f47f49c740581fb1854",0.640323400000001
"effbafd134873f47f49c740581fb1854",0.640586200000001
"effbafd134873f47f49c740581fb1854",0.638873200000001
"effbafd134873f47f49c740581fb1854",0.640241600000001
"effbafd134873f47f49c740581fb1854",0.6388732
"effbafd134873f47f49c740581fb1854",0.639619400000001
"effbafd134873f47f49c740581fb1854",0.637457500000001
"effbafd134873f47f49c740581fb1854",0.638741800000001
"effbafd134873f47f49c740581fb1854",0.6381927
"effbafd134873f47f49c740581fb1854",0.6404759
"effbafd134873f47f49c740581fb1854",0.636545400000001
"effbafd134873f47f49c740581fb1854",0.639641693333334
"f0cd63afa3dd55eb9f7857db09d52ce3",0.88929019999999
"f0cd63afa3dd55eb9f7857db09d52ce3",0.889419999999991
"f0cd63afa3dd55eb9f7857db09d52ce3",0.88999999999999
"f0cd63afa3dd55eb9f7857db09d52ce3",0.88705979999999
"f0cd63afa3dd55eb9f7857db09d52ce3",0.884439533333324
"f0cd63afa3dd55eb9f7857db09d52ce3",0.888710199999991
"f0cd63afa3dd55eb9f7857db09d52ce3",0.88808307999999
"f0cd63afa3dd55eb9f7857db09d52ce3",0.887869999999991
"f0cd63afa3dd55eb9f7857db09d52ce3",0.888786666666657
"f0cd63afa3dd55eb9f7857db09d52ce3",0.888839999999991
"f0cd63afa3dd55eb9f7857db09d52ce3",0.88930439999999
"f0cd63afa3dd55eb9f7857db09d52ce3",0.888724399999991
"f0cd63afa3dd55eb9f7857db09d52ce3",0.88941999999999
"f40a635828e2bffd0a598a7ed621fc93",0.568853400000001
"f40a635828e2bffd0a598a7ed621fc93",0.569061000000001
"f40a635828e2bffd0a598a7ed621fc93",0.569398400000001
"f40a635828e2bffd0a598a7ed621fc93",0.569138600000001
"f40a635828e2bffd0a598a7ed621fc93",0.569753760000001
"f40a635828e2bffd0a598a7ed621fc93",0.569126700000001
"f40a635828e2bffd0a598a7ed621fc93",0.569407600000001
"f40a635828e2bffd0a598a7ed621fc93",0.569049100000001
"f40a635828e2bffd0a598a7ed621fc93",0.569102900000001
"f40a635828e2bffd0a598a7ed621fc93",0.568852000000001
"f40a635828e2bffd0a598a7ed621fc93",0.569353800000001
"f40a635828e2bffd0a598a7ed621fc93",0.569114800000001
"f40a635828e2bffd0a598a7ed621fc93",0.569222400000001
"f40a635828e2bffd0a598a7ed621fc93",0.569132733333334
"f40a635828e2bffd0a598a7ed621fc93",0.569132733333334
"f40a635828e2bffd0a598a7ed621fc93",0.569168600000001
"f40a635828e2bffd0a598a7ed621fc93",0.569377600000001
"f40a635828e2bffd0a598a7ed621fc93",0.568983400000001
"f40a635828e2bffd0a598a7ed621fc93",0.569415800000001
"f40a635828e2bffd0a598a7ed621fc93",0.568852000000001
"f40a635828e2bffd0a598a7ed621fc93",0.569386500000001
"f40a635828e2bffd0a598a7ed621fc93",0.569010300000001
"f40a635828e2bffd0a598a7ed621fc93",0.569138600000001
"f40a635828e2bffd0a598a7ed621fc93",0.569463400000001
"f40a635828e2bffd0a598a7ed621fc93",0.569156700000001
"f40a635828e2bffd0a598a7ed621fc93",0.569195500000001
"f40a635828e2bffd0a598a7ed621fc93",0.568878900000001
"f7822db99574164a13b2d64a8b917105",0.526897999999997
"f7822db99574164a13b2d64a8b917105",0.530843199999998
"f7822db99574164a13b2d64a8b917105",0.528589399999997
"f7822db99574164a13b2d64a8b917105",0.527238599999997
"f7822db99574164a13b2d64a8b917105",0.529478599999997
"f7822db99574164a13b2d64a8b917105",0.529597399999997
"f7822db99574164a13b2d64a8b917105",0.531457999999997
"f7822db99574164a13b2d64a8b917105",0.531670999999998
"f7822db99574164a13b2d64a8b917105",0.530733399999997
"f7822db99574164a13b2d64a8b917105",0.527768299999997
"f7822db99574164a13b2d64a8b917105",0.528995199999997
"f7822db99574164a13b2d64a8b917105",0.531229399999998
"f7822db99574164a13b2d64a8b917105",0.528707199999997
"f7822db99574164a13b2d64a8b917105",0.530886599999997
"f7822db99574164a13b2d64a8b917105",0.529381899999997
"f7822db99574164a13b2d64a8b917105",0.530724899999997
"f7822db99574164a13b2d64a8b917105",0.530161999999998
"f7822db99574164a13b2d64a8b917105",0.528593999999997
"f7822db99574164a13b2d64a8b917105",0.528716899999997
"f7822db99574164a13b2d64a8b917105",0.529849999999997
"f7822db99574164a13b2d64a8b917105",0.530412899999997
"f7822db99574164a13b2d64a8b917105",0.530428799999997
"f7822db99574164a13b2d64a8b917105",0.530498266666664
"f7822db99574164a13b2d64a8b917105",0.531307199999997
"f7822db99574164a13b2d64a8b917105",0.527947199999997
"f7822db99574164a13b2d64a8b917105",0.528153999999997
"f7822db99574164a13b2d64a8b917105",0.529203199999997
"f7822db99574164a13b2d64a8b917105",0.529505999999997
"f7822db99574164a13b2d64a8b917105",0.527885399999997
"f7822db99574164a13b2d64a8b917105",0.527972399999997
"fa28c6cdf8dd6f41a657c3d7caa5c709",0.576140000000001
"fa28c6cdf8dd6f41a657c3d7caa5c709",0.574696000000001
"fa28c6cdf8dd6f41a657c3d7caa5c709",0.575420000000001
"fa28c6cdf8dd6f41a657c3d7caa5c709",0.574120000000001
"fa28c6cdf8dd6f41a657c3d7caa5c709",0.575080000000001
"fa28c6cdf8dd6f41a657c3d7caa5c709",0.575310000000001
"fa28c6cdf8dd6f41a657c3d7caa5c709",0.575180000000001
"fa28c6cdf8dd6f41a657c3d7caa5c709",0.574680000000001
"fa28c6cdf8dd6f41a657c3d7caa5c709",0.575500000000001
"fa28c6cdf8dd6f41a657c3d7caa5c709",0.575564000000001
"fa28c6cdf8dd6f41a657c3d7caa5c709",0.574093333333334
"fa28c6cdf8dd6f41a657c3d7caa5c709",0.574504000000001
"fa28c6cdf8dd6f41a657c3d7caa5c709",0.575820000000001
"fc5f86251458722c799d1830fa0c2c1f",0.814815200000006
"fc5f86251458722c799d1830fa0c2c1f",0.814882600000006
"fc5f86251458722c799d1830fa0c2c1f",0.814814070000006
"fc5f86251458722c799d1830fa0c2c1f",0.816597470000006
"fc5f86251458722c799d1830fa0c2c1f",0.816082600000006
"fc5f86251458722c799d1830fa0c2c1f",0.814640900000006
"fc5f86251458722c799d1830fa0c2c1f",0.815302600000006
"fc5f86251458722c799d1830fa0c2c1f",0.815042030000006
"fc5f86251458722c799d1830fa0c2c1f",0.815886000000006
"fc5f86251458722c799d1830fa0c2c1f",0.816823550000006
"fc5f86251458722c799d1830fa0c2c1f",0.817086000000007
"fc5f86251458722c799d1830fa0c2c1f",0.814859900000006
"fc5f86251458722c799d1830fa0c2c1f",0.816522600000007
"fc5f86251458722c799d1830fa0c2c1f",0.814481466666673
"fc5f86251458722c799d1830fa0c2c1f",0.815008720000007
"fc5f86251458722c799d1830fa0c2c1f",0.815810900000006
"fc5f86251458722c799d1830fa0c2c1f",0.816306000000007
"fc5f86251458722c799d1830fa0c2c1f",0.815106000000006
"fc5f86251458722c799d1830fa0c2c1f",0.815467800000006
